,Model,Mean Absolute Error
0,linear_model,2.4612009525299072
1,dnn_model,1.6599880456924438
2,reloaded,1.6599880456924438
3,dnn_model2,2.289334297180176
4,ExtraTree,1.8407450367071052
